1,John,john.doe@email.com
2,Jane Smith,jane.smith@email.com
3,Chris Johnson,chris.johnson@email.com
4,Sarah Williams,sarah.williams@email.com
5,David Brown,david.brown@email.com
6,Alice Walker,alice.walker@example.com
7,Bob Marley,bob.marley@example.com
8,Charlie Brown,charlie.brown@example.com
9,Daisy Johnson,daisy.johnson@example.com
10,Edward Elric,edward.elric@example.com
11,Fiona Apple,fiona.apple@example.com
12,George Orwell,george.orwell@example.com
13,Hannah Montana,hannah.montana@example.com
14,Isaac Newton,isaac.newton@example.com
15,Jack Sparrow,jack.sparrow@example.com
16,Karen Page,karen.page@example.com
17,Larry Page,larry.page@example.com
18,Monica Geller,monica.geller@example.com
19,Nick Fury,nick.fury@example.com
20,Olivia Pope,olivia.pope@example.com
