1,Listener{name='John', email='john.doe@email.com'},Basic
2,Listener{name='Jane Smith', email='jane.smith@email.com'},Premium
3,Listener{name='Chris Johnson', email='chris.johnson@email.com'},Basic
4,Listener{name='Sarah Williams', email='sarah.williams@email.com'},Premium
5,Listener{name='David Brown', email='david.brown@email.com'},Basic
6,Listener{name='John', email='john.doe@email.com'},Basic
7,Listener{name='Jane Smith', email='jane.smith@email.com'},Premium
8,Listener{name='Chris Johnson', email='chris.johnson@email.com'},Basic
9,Listener{name='Sarah Williams', email='sarah.williams@email.com'},Premium
10,Listener{name='David Brown', email='david.brown@email.com'},Basic
11,Listener{name='Alice Walker', email='alice.walker@example.com'},Premium
12,Listener{name='Bob Marley', email='bob.marley@example.com'},Basic
13,Listener{name='Charlie Brown', email='charlie.brown@example.com'},Premium
14,Listener{name='Daisy Johnson', email='daisy.johnson@example.com'},Basic
15,Listener{name='Edward Elric', email='edward.elric@example.com'},Premium
16,Listener{name='Fiona Apple', email='fiona.apple@example.com'},Basic
17,Listener{name='George Orwell', email='george.orwell@example.com'},Premium
18,Listener{name='Hannah Montana', email='hannah.montana@example.com'},Basic
19,Listener{name='Isaac Newton', email='isaac.newton@example.com'},Premium
20,Listener{name='Jack Sparrow', email='jack.sparrow@example.com'},Basic
